{
  "learning_rate": 1.2033853542415656e-05,
  "gamma": 0.995,
  "gae_lambda": 0.9566556666083772,
  "ent_coef": 0.05626127936232928,
  "clip_range": 0.3646405770663874
}