{
  "learning_rate": 0.0007103744493854026,
  "gamma": 0.99,
  "gae_lambda": 0.9306927508996693,
  "ent_coef": 0.04229288752904655,
  "clip_range": 0.3151220813892712
}