{
  "learning_rate": 1.2381889413270296e-05,
  "gamma": 0.97,
  "gae_lambda": 0.9620495871835242,
  "ent_coef": 0.07977694209546625,
  "clip_range": 0.3399105140088568
}