{
  "learning_rate": 1.546197570676391e-05,
  "gamma": 0.95,
  "gae_lambda": 0.9,
  "ent_coef": 0.05932277784063234,
  "clip_range": 0.2418116042867739
}