{
  "learning_rate": 3.416204767069965e-05,
  "gamma": 0.995,
  "gae_lambda": 0.9,
  "ent_coef": 0.0803362388398826,
  "clip_range": 0.20086417088500935
}