{
  "learning_rate": 5.6935164014026356e-05,
  "gamma": 0.995,
  "gae_lambda": 0.9756406048173336,
  "ent_coef": 0.019672734738788066,
  "clip_range": 0.13595748181502285
}