{
  "learning_rate": 0.00026544816046309013,
  "gamma": 0.995,
  "gae_lambda": 0.9,
  "ent_coef": 0.1,
  "clip_range": 0.20546388918019692
}