{
  "learning_rate": 1.1944162116739749e-05,
  "gamma": 0.95,
  "gae_lambda": 0.9,
  "ent_coef": 0.07851199081231726,
  "clip_range": 0.2741708891273708
}