{
  "learning_rate": 1.2903752092177902e-05,
  "gamma": 0.99,
  "gae_lambda": 0.9348296366921978,
  "ent_coef": 0.019444200965229697,
  "clip_range": 0.3100024229879763
}