{
  "learning_rate": 1.147665968505388e-05,
  "gamma": 0.97,
  "gae_lambda": 0.9696387089289763,
  "ent_coef": 0.03480086739816978,
  "clip_range": 0.2202073334872081
}