{
  "learning_rate": 4.7092693511188644e-05,
  "gamma": 0.99,
  "gae_lambda": 0.99,
  "ent_coef": 0.06967628994597966,
  "clip_range": 0.2001131485122423
}