{
  "learning_rate": 0.00022594456187788328,
  "gamma": 0.995,
  "gae_lambda": 0.9271310444597664,
  "ent_coef": 0.09080813392764656,
  "clip_range": 0.2483980143322736
}