{
  "learning_rate": 4.095011893124598e-05,
  "gamma": 0.99,
  "gae_lambda": 0.9024327102856724,
  "ent_coef": 0.035938237311027105,
  "clip_range": 0.22912331479399692
}