{
  "learning_rate": 1.8610470514018677e-05,
  "gamma": 0.99,
  "gae_lambda": 0.9733326239663939,
  "ent_coef": 0.043836968283766084,
  "clip_range": 0.12931270145738757
}