{
  "learning_rate": 3.061865726881159e-05,
  "gamma": 0.99,
  "gae_lambda": 0.9,
  "ent_coef": 0.02247100062217231,
  "clip_range": 0.26107467971010445
}