{
  "learning_rate": 1.6066780490777556e-05,
  "gamma": 0.99,
  "gae_lambda": 0.9371443073991879,
  "ent_coef": 0.09086920740999532,
  "clip_range": 0.25426828291539
}