{
  "learning_rate": 2.1727099002292676e-05,
  "gamma": 0.99,
  "gae_lambda": 0.9577003296118205,
  "ent_coef": 0.08946996390189288,
  "clip_range": 0.38484883067261144
}