{
  "learning_rate": 2.436380464481121e-05,
  "gamma": 0.99,
  "gae_lambda": 0.9478770637982584,
  "ent_coef": 0.09983764793807899,
  "clip_range": 0.4
}