{
  "feature_names": [
    "hour_of_day",
    "day_of_week",
    "long_funding_rate",
    "short_funding_rate",
    "long_funding_interval_hours",
    "short_funding_interval_hours",
    "long_next_funding_minutes",
    "short_next_funding_minutes",
    "current_price_spread_pct",
    "fund_profit_8h",
    "fund_apr",
    "fund_profit_8h_24h_proj",
    "fund_apr_24h_proj",
    "fund_break_even_24h_proj",
    "fund_profit_8h_3d_proj",
    "fund_apr_3d_proj",
    "fund_break_even_3d_proj",
    "break_even_hours",
    "price_spread_24h_avg",
    "price_spread_3d_avg",
    "spread_30sample_avg",
    "spread_volatility_stddev",
    "spread_volatility_cv",
    "volume_24h",
    "hit_profit_target",
    "hit_stop_loss",
    "is_asian_session",
    "is_european_session",
    "is_us_session",
    "is_weekend",
    "is_weekday",
    "hour_sin",
    "hour_cos",
    "day_sin",
    "day_cos",
    "hours_until_long_funding",
    "hours_until_short_funding",
    "hours_until_next_funding",
    "rate_momentum_24h",
    "rate_momentum_3d",
    "rate_stability",
    "rate_trend_score",
    "rate_acceleration",
    "funding_differential",
    "funding_direction",
    "funding_asymmetry",
    "expected_profit_signal",
    "sharpe_proxy",
    "profit_consistency",
    "volatility_risk_score",
    "break_even_feasibility",
    "risk_adjusted_return",
    "breakeven_efficiency",
    "spread_consistency"
  ],
  "scaler_type": "standard",
  "scaler_mean": [
    0.10128591894379255,
    110.90808124345287,
    0.09694122598739684,
    0.08019173680476682,
    0.0008587857644330758,
    -3.1728340617429516,
    -0.0011573358265098508,
    -0.000850249662908676,
    0.10580227211030639,
    0.0587340693698811,
    0.04921029896902004,
    0.0010195998612398441,
    0.002248138161675216,
    3.54527120263595,
    433.7983235814369,
    304.30225715373064,
    299.12411479885816,
    929708932.7839628,
    403.00764037076226,
    80.91704323717128,
    0.4637848218698293,
    4.083641287647968,
    9.389470978791307,
    -5.30582969114334,
    12.803961600644461,
    70.587428774454,
    8.41763638644453,
    24270.33470555824,
    1.5785281477935027,
    1.6456984210623935,
    1.395013507722503
  ],
  "scaler_scale": [
    1.070352988903993,
    1172.0365228498724,
    0.6843386413433281,
    0.5744672533882805,
    0.0015712824790995953,
    68.64542903338888,
    0.0030109386912150634,
    0.002967778956864328,
    1.2899463221941228,
    0.8797101110907287,
    0.713966949325011,
    0.018193054954739635,
    0.00970598652069037,
    62.78319796732635,
    574.8324523877634,
    924.7537331932223,
    975.4837610427952,
    5551249303.542317,
    12820.37986862704,
    387.6824856148879,
    0.2401561869077088,
    128.31019211465744,
    402.02720690288936,
    318.64196830494217,
    401.93294941162696,
    908.6599342821363,
    14.269419202347189,
    5383425.354169171,
    1.4324452053835115,
    1.4602296432734516,
    1.373482946180527
  ],
  "scaler_var": [
    1.1456555208557115,
    1373669.6108940195,
    0.46831937603563234,
    0.33001262521547486,
    2.4689286291253704e-06,
    4712.194927178029,
    9.065751802255878e-06,
    8.80771193680672e-06,
    1.6639615141421433,
    0.7738898795552622,
    0.5097488047284628,
    0.0003309872485861764,
    9.420617433982318e-05,
    3941.7299470044914,
    330432.3483181303,
    855169.4670548013,
    951568.5680581973,
    3.081636883007906e+19,
    164362139.97589746,
    150297.7096525378,
    0.057674994110050365,
    16463.505400500297,
    161625.8750901386,
    101532.70396524775,
    161550.0958227295,
    825662.8761696164,
    203.6163243723147,
    28981268543911.465,
    2.0518992664262106,
    2.1322706110945115,
    1.8864554034487402
  ]
}