{
  "learning_rate": 6.223370924668876e-05,
  "gamma": 0.97,
  "gae_lambda": 0.99,
  "ent_coef": 0.08454549936524136,
  "clip_range": 0.3275520098220934
}