{
  "learning_rate": 5.9144027546518575e-05,
  "gamma": 0.95,
  "gae_lambda": 0.9104780827599118,
  "ent_coef": 0.06571013287721861,
  "clip_range": 0.21076433507300887
}