{
  "learning_rate": 3.816671333338732e-05,
  "gamma": 0.995,
  "gae_lambda": 0.9875872840002883,
  "ent_coef": 0.08832556143961161,
  "clip_range": 0.29605274142368104
}