{
  "learning_rate": 0.0007688603050045553,
  "gamma": 0.995,
  "gae_lambda": 0.9896349302432561,
  "ent_coef": 0.061722296022618535,
  "clip_range": 0.11765061175629059
}