{
  "learning_rate": 6.654728359860913e-05,
  "gamma": 0.97,
  "gae_lambda": 0.99,
  "ent_coef": 0.09564848702184932,
  "clip_range": 0.2763319431945999
}