{
  "learning_rate": 1.5894912898070283e-05,
  "gamma": 0.995,
  "gae_lambda": 0.99,
  "ent_coef": 0.06607696689007146,
  "clip_range": 0.25167364014521804
}