{
  "learning_rate": 3.324886282392503e-05,
  "gamma": 0.995,
  "gae_lambda": 0.9896438451241771,
  "ent_coef": 0.08811261622925164,
  "clip_range": 0.31568177058203334
}