{
  "learning_rate": 7.483423721969598e-05,
  "gamma": 0.97,
  "gae_lambda": 0.99,
  "ent_coef": 0.07656300332189839,
  "clip_range": 0.2850127807429092
}