{"trial_data": [["{\n  \"stub\": false,\n  \"trainable_name\": \"train_ppo_pbt\",\n  \"trial_id\": \"8eb21_00000\",\n  \"storage\": {\n    \"_type\": \"CLOUDPICKLE_FALLBACK\",\n    \"value\": \"8005952c030000000000008c1b7261792e747261696e2e5f696e7465726e616c2e73746f72616765948c0e53746f72616765436f6e746578749493942981947d94288c12637573746f6d5f66735f70726f766964656494898c136578706572696d656e745f6469725f6e616d65948c147062745f63727970746f5f617262697472616765948c0e747269616c5f6469725f6e616d65948c85747261696e5f70706f5f7062745f38656232315f30303030305f305f636c69705f72616e67653d302e323430332c656e745f636f65663d302e303232382c6761655f6c616d6264613d302e393433302c67616d6d613d302e393935302c6c6561726e696e675f726174653d302e303030315f323032352d31302d33315f31372d31332d3337948c1863757272656e745f636865636b706f696e745f696e646578944affffffff8c0b73796e635f636f6e666967948c0f7261792e74756e652e73796e636572948c0a53796e63436f6e6669679493942981947d94288c0b73796e635f706572696f64944d2c018c0c73796e635f74696d656f7574944d08078c0e73796e635f61727469666163747394898c1c73796e635f6172746966616374735f6f6e5f636865636b706f696e74948875628c1273746f726167655f66696c6573797374656d948c0b70796172726f772e5f6673948c1446696c6553797374656d2e5f66726f6d5f7572699493948c0966696c653a2f2f2f5f94859452948c0f73746f726167655f66735f70617468948c522f55736572732f73616e73656c2f50726f6a656374732f43727970746f4172626974726167652f6d6c5f706970656c696e652f7261795f726573756c74732f7062745f32303235313033315f313731333238948c0673796e6365729468008c115f46696c6573797374656d53796e6365729493942981947d94286815681b68114d2c0168124d08078c116c6173745f73796e635f75705f74696d659447fff00000000000008c136c6173745f73796e635f646f776e5f74696d659447fff00000000000008c0d5f73796e635f70726f63657373944e8c0c5f63757272656e745f636d64944e75628c0a5f74696d657374616d70948c13323032352d31302d33315f31372d31332d33379475622e\"\n  },\n  \"config\": {\n    \"train_data_path\": \"data/rl_train.csv\",\n    \"eval_data_path\": \"data/rl_eval.csv\",\n    \"price_history_path\": \"data/price_history\",\n    \"feature_scaler_path\": \"models/rl/feature_scaler.pkl\",\n    \"n_envs\": 1,\n    \"eval_freq\": 5000,\n    \"total_timesteps\": 10000,\n    \"learning_rate\": 5.399627580231499e-05,\n    \"gamma\": 0.995,\n    \"gae_lambda\": 0.943046689510066,\n    \"ent_coef\": 0.02277261188782552,\n    \"clip_range\": 0.24031687659682585\n  },\n  \"_Trial__unresolved_config\": {\n    \"train_data_path\": \"data/rl_train.csv\",\n    \"eval_data_path\": \"data/rl_eval.csv\",\n    \"price_history_path\": \"data/price_history\",\n    \"feature_scaler_path\": \"models/rl/feature_scaler.pkl\",\n    \"n_envs\": 1,\n    \"eval_freq\": 5000,\n    \"total_timesteps\": 10000,\n    \"learning_rate\": 5.399627580231499e-05,\n    \"gamma\": 0.995,\n    \"gae_lambda\": 0.943046689510066,\n    \"ent_coef\": 0.02277261188782552,\n    \"clip_range\": 0.24031687659682585\n  },\n  \"evaluated_params\": {\n    \"learning_rate\": 5.399627580231499e-05,\n    \"gamma\": 0.995,\n    \"gae_lambda\": 0.943046689510066,\n    \"ent_coef\": 0.02277261188782552,\n    \"clip_range\": 0.24031687659682585\n  },\n  \"experiment_tag\": \"0_clip_range=0.2403,ent_coef=0.0228,gae_lambda=0.9430,gamma=0.9950,learning_rate=0.0001\",\n  \"stopping_criterion\": {},\n  \"_setup_default_resource\": true,\n  \"_default_placement_group_factory\": \"800595aa000000000000008c237261792e74756e652e657865637574696f6e2e706c6163656d656e745f67726f757073948c15506c6163656d656e7447726f7570466163746f72799493942981947d94288c085f62756e646c6573945d947d948c0343505594473ff000000000000073618c155f686561645f62756e646c655f69735f656d70747994898c095f7374726174656779948c045041434b948c055f6172677394298c075f6b7761726773947d9475622e\",\n  \"placement_group_factory\": \"800595aa000000000000008c237261792e74756e652e657865637574696f6e2e706c6163656d656e745f67726f757073948c15506c6163656d656e7447726f7570466163746f72799493942981947d94288c085f62756e646c6573945d947d948c0343505594473ff000000000000073618c155f686561645f62756e646c655f69735f656d70747994898c095f7374726174656779948c045041434b948c055f6172677394298c075f6b7761726773947d9475622e\",\n  \"log_to_file\": [\n    null,\n    null\n  ],\n  \"max_failures\": 0,\n  \"_default_result_or_future\": null,\n  \"export_formats\": [],\n  \"status\": \"ERROR\",\n  \"relative_logdir\": \"train_ppo_pbt_8eb21_00000_0_clip_range=0.2403,ent_coef=0.0228,gae_lambda=0.9430,gamma=0.9950,learning_rate=0.0001_2025-10-31_17-13-37\",\n  \"trial_name_creator\": null,\n  \"trial_dirname_creator\": null,\n  \"custom_trial_name\": null,\n  \"custom_dirname\": null,\n  \"restore_path\": null,\n  \"_restore_checkpoint_result\": null,\n  \"_state_json\": null,\n  \"results\": \"80054e2e\",\n  \"extra_arg\": \"80054e2e\",\n  \"_resources\": \"80054e2e\"\n}", "{\n  \"start_time\": 1761927233.2961679,\n  \"num_failures\": 1,\n  \"num_failures_after_restore\": 0,\n  \"error_filename\": \"error.txt\",\n  \"pickled_error_filename\": \"error.pkl\",\n  \"last_result\": {\n    \"trial_id\": \"8eb21_00000\"\n  },\n  \"last_result_time\": -Infinity,\n  \"metric_analysis\": {},\n  \"_n_steps\": [\n    5,\n    10\n  ],\n  \"metric_n_steps\": {},\n  \"checkpoint_manager\": {\n    \"_type\": \"CLOUDPICKLE_FALLBACK\",\n    \"value\": \"80059583010000000000008c267261792e747261696e2e5f696e7465726e616c2e636865636b706f696e745f6d616e61676572948c125f436865636b706f696e744d616e616765729493942981947d94288c125f636865636b706f696e745f636f6e666967948c087261792e74756e65948c10436865636b706f696e74436f6e6669679493942981947d94288c0b6e756d5f746f5f6b656570944e8c1a636865636b706f696e745f73636f72655f617474726962757465944e8c16636865636b706f696e745f73636f72655f6f72646572948c036d6178948c14636865636b706f696e745f6672657175656e6379944b008c11636865636b706f696e745f61745f656e64944e8c1a5f636865636b706f696e745f6b6565705f616c6c5f72616e6b73948c0a44455052454341544544948c1f5f636865636b706f696e745f75706c6f61645f66726f6d5f776f726b65727394681275628c135f636865636b706f696e745f726573756c7473945d948c195f6c61746573745f636865636b706f696e745f726573756c74944e75622e\"\n  }\n}"], ["{\n  \"stub\": false,\n  \"trainable_name\": \"train_ppo_pbt\",\n  \"trial_id\": \"8eb21_00001\",\n  \"storage\": {\n    \"_type\": \"CLOUDPICKLE_FALLBACK\",\n    \"value\": \"8005952c030000000000008c1b7261792e747261696e2e5f696e7465726e616c2e73746f72616765948c0e53746f72616765436f6e746578749493942981947d94288c12637573746f6d5f66735f70726f766964656494898c136578706572696d656e745f6469725f6e616d65948c147062745f63727970746f5f617262697472616765948c0e747269616c5f6469725f6e616d65948c85747261696e5f70706f5f7062745f38656232315f30303030315f315f636c69705f72616e67653d302e323530302c656e745f636f65663d302e303139372c6761655f6c616d6264613d302e393431312c67616d6d613d302e393530302c6c6561726e696e675f726174653d302e303030335f323032352d31302d33315f31372d31332d3337948c1863757272656e745f636865636b706f696e745f696e646578944affffffff8c0b73796e635f636f6e666967948c0f7261792e74756e652e73796e636572948c0a53796e63436f6e6669679493942981947d94288c0b73796e635f706572696f64944d2c018c0c73796e635f74696d656f7574944d08078c0e73796e635f61727469666163747394898c1c73796e635f6172746966616374735f6f6e5f636865636b706f696e74948875628c1273746f726167655f66696c6573797374656d948c0b70796172726f772e5f6673948c1446696c6553797374656d2e5f66726f6d5f7572699493948c0966696c653a2f2f2f5f94859452948c0f73746f726167655f66735f70617468948c522f55736572732f73616e73656c2f50726f6a656374732f43727970746f4172626974726167652f6d6c5f706970656c696e652f7261795f726573756c74732f7062745f32303235313033315f313731333238948c0673796e6365729468008c115f46696c6573797374656d53796e6365729493942981947d94286815681b68114d2c0168124d08078c116c6173745f73796e635f75705f74696d659447fff00000000000008c136c6173745f73796e635f646f776e5f74696d659447fff00000000000008c0d5f73796e635f70726f63657373944e8c0c5f63757272656e745f636d64944e75628c0a5f74696d657374616d70948c13323032352d31302d33315f31372d31332d33379475622e\"\n  },\n  \"config\": {\n    \"train_data_path\": \"data/rl_train.csv\",\n    \"eval_data_path\": \"data/rl_eval.csv\",\n    