{
  "learning_rate": 0.00021255439155909523,
  "gamma": 0.97,
  "gae_lambda": 0.9288045478068699,
  "ent_coef": 0.0441309579349482,
  "clip_range": 0.3204807817562859
}