{
  "learning_rate": 0.0001749743740480204,
  "gamma": 0.995,
  "gae_lambda": 0.9812971943613544,
  "ent_coef": 0.03688073095120025,
  "clip_range": 0.30518434751432266
}