{
  "learning_rate": 2.5721629218747384e-05,
  "gamma": 0.9706837098497845,
  "gae_lambda": 0.98,
  "ent_coef": 0.043099634966182875,
  "clip_range": 0.2801678485256804,
  "net_arch": [
    64,
    32
  ]
}