{
  "learning_rate": 2.4692764049997492e-05,
  "gamma": 0.99,
  "gae_lambda": 0.8,
  "ent_coef": 0.043099634966182875,
  "clip_range": 0.33620141823081645,
  "net_arch": [
    64,
    32
  ]
}