{
  "learning_rate": 2.963131685999699e-05,
  "gamma": 0.9706837098497845,
  "gae_lambda": 0.8,
  "ent_coef": 0.0344797079729463,
  "clip_range": 0.26896113458465315,
  "net_arch": [
    64,
    32
  ]
}