{
  "global_best": {
    "agent_id": 7,
    "episode_reward": 11.02187467395037,
    "pnl_pct": 5.497291557983455,
    "win_rate": 100.0,
    "trades": 1,
    "hyperparams": {
      "learning_rate": 2.5721629218747384e-05,
      "gamma": 0.9706837098497845,
      "gae_lambda": 0.98,
      "ent_coef": 0.043099634966182875,
      "clip_range": 0.2801678485256804,
      "net_arch": [
        64,
        32
      ]
    },
    "sample_probs": {
      "enter": 0.3804123103618622,
      "exit": 0.3148677349090576,
      "hold": 0.304720014333725
    },
    "iteration": 4
  },
  "final_iteration_best": {
    "agent_id": 1,
    "episode_reward": 14.021874673950371,
    "pnl_pct": 5.497291557983455,
    "win_rate": 100.0,
    "trades": 1,
    "hyperparams": {
      "learning_rate": 2.5721629218747384e-05,
      "gamma": 0.9,
      "gae_lambda": 0.8,
      "ent_coef": 0.043099634966182875,
      "clip_range": 0.33620141823081645,
      "net_arch": [
        64,
        32
      ]
    },
    "sample_probs": {
      "enter": 0.6387568116188049,
      "exit": 0.18893392384052277,
      "hold": 0.1723092645406723
    }
  },
  "all_final_agents": [
    {
      "agent_id": 1,
      "episode_reward": 14.021874673950371,
      "pnl_pct": 5.497291557983455,
      "win_rate": 100.0,
      "trades": 1,
      "hyperparams": {
        "learning_rate": 2.5721629218747384e-05,
        "gamma": 0.9,
        "gae_lambda": 0.8,
        "ent_coef": 0.043099634966182875,
        "clip_range": 0.33620141823081645,
        "net_arch": [
          64,
          32
        ]
      },
      "sample_probs": {
        "enter": 0.6387568116188049,
        "exit": 0.18893392384052277,
        "hold": 0.1723092645406723
      }
    },
    {
      "agent_id": 3,
      "episode_reward": 13.021874673950368,
      "pnl_pct": 5.497291557983455,
      "win_rate": 100.0,
      "trades": 1,
      "hyperparams": {
        "learning_rate": 2.4692764049997492e-05,
        "gamma": 0.9706837098497845,
        "gae_lambda": 0.98,
        "ent_coef": 0.043099634966182875,
        "clip_range": 0.33620141823081645,
        "net_arch": [
          64,
          32
        ]
      },
      "sample_probs": {
        "enter": 0.5475159287452698,
        "exit": 0.2353673130273819,
        "hold": 0.21711671352386475
      }
    },
    {
      "agent_id": 7,
      "episode_reward": 13.521874673950368,
      "pnl_pct": 5.497291557983455,
      "win_rate": 100.0,
      "trades": 1,
      "hyperparams": {
        "learning_rate": 2.963131685999699e-05,
        "gamma": 0.9706837098497845,
        "gae_lambda": 0.8,
        "ent_coef": 0.0344797079729463,
        "clip_range": 0.26896113458465315,
        "net_arch": [
          64,
          32
        ]
      },
      "sample_probs": {
        "enter": 0.5802106261253357,
        "exit": 0.21583254635334015,
        "hold": 0.20395685732364655
      }
    },
    {
      "agent_id": 2,
      "episode_reward": 9.62707444429114,
      "pnl_pct": 4.865691481430378,
      "win_rate": 100.0,
      "trades": 1,
      "hyperparams": {
        "learning_rate": 2.057730337499791e-05,
        "gamma": 0.9706837098497845,
        "gae_lambda": 0.98,
        "ent_coef": 0.043099634966182875,
        "clip_range": 0.2801678485256804,
        "net_arch": [
          64,
          32
        ]
      },
      "sample_probs": {
        "enter": 0.5252255797386169,
        "exit": 0.23917873203754425,
        "hold": 0.23559564352035522
      }
    },
    {
      "agent_id": 4,
      "episode_reward": 12.127074444291138,
      "pnl_pct": 4.865691481430378,
      "win_rate": 100.0,
      "trades": 1,
      "hyperparams": {
        "learning_rate": 2.5721629218747384e-05,
        "gamma": 0.9,
        "gae_lambda": 0.8,
        "ent_coef": 0.043099634966182875,
        "clip_range": 0.2801678485256804,
        "net_arch": [
          64,
          32
        ]
      },
      "sample_probs": {
        "enter": 0.6422854065895081,
        "exit": 0.18736129999160767,
        "hold": 0.1703532189130783
      }
    },
    {
      "agent_id": 5,
      "episode_reward": 11.62707444429114,
      "pnl_pct": 4.865691481430378,
      "win_rate": 100.0,
      "trades": 1,
      "hyperparams": {
        "learning_rate": 2.5721629218747384e-05,
        "gamma": 0.9706837098497845,
        "gae_lambda": 0.98,
        "ent_coef": 0.043099634966182875,
        "clip_range": 0.2801678485256804,
        "net_arch": [
          64,
          32
        ]
      },
      "sample_probs": {
        "enter": 0.5958346724510193,
        "exit": 0.20975683629512787,
        "hold": 0.19440849125385284
      }
    },
    {
      "agent_id": 6,
      "episode_reward": 10.127074444291141,
      "pnl_pct": 4.865691481430378,
      "win_rate": 100.0,
      "trades": 1,
      "hyperparams": {
        "learning_rate": 2.4692764049997492e-05,
        "gamma": 0.99,
        "gae_lambda": 0.8,
        "ent_coef": 0.043099634966182875,
        "clip_range": 0.33620141823081645,
        "net_arch": [
          64,
          32
        ]
      },
      "sample_probs": {
        "enter": 0.5545712113380432,
        "exit": 0.22694288194179535,
        "hold": 0.21848587691783905
      }
    },
    {
      "agent_id": 0,
      "episode_reward": 10.352350614855279,
      "pnl_pct": 2.2987251024758795,
      "win_rate": 50.0,
      "trades": 2,
      "hyperparams": {
        "learning_rate": 1.6461842699998328e-05,
        "gamma": 0.9706837098497845,
        "gae_lambda": 0.98,
        "ent_coef": 0.043099634966182875,
        "clip_range": 0.2801678485256804,
        "net_arch": [
          64,
          32
        ]
      },
      "sample_probs": {
        "enter": 0.5221888422966003,
        "exit": 0.24428780376911163,
        "hold": 0.2335234135389328
      }
    }
  ],
  "config": {
    "population": 8,
    "timesteps": 50000,
    "perturbation_interval": 5000,
    "train_data": "data/rl_train.csv",
    "eval_data": "data/rl_test.csv",
    "price_history": "data/price_history",
    "feature_scaler": "models/rl/feature_scaler.pkl",
    "save_dir": "models/simple_mode_pbt",
    "workers": null
  }
}