{
  "learning_rate": 1.1669502040556569e-05,
  "gamma": 0.995,
  "gae_lambda": 0.99,
  "ent_coef": 0.0940503053363945,
  "clip_range": 0.14545640973927987
}