{
  "learning_rate": 0.0001997697895329064,
  "gamma": 0.995,
  "gae_lambda": 0.9488991768515683,
  "ent_coef": 0.08080498259714958,
  "clip_range": 0.2389242462746308
}