{
  "learning_rate": 1.3940496252544866e-05,
  "gamma": 0.995,
  "gae_lambda": 0.9520747419678013,
  "ent_coef": 0.08275785923919632,
  "clip_range": 0.13538298680495017
}