{
  "learning_rate": 0.00022008818420280151,
  "gamma": 0.995,
  "gae_lambda": 0.9,
  "ent_coef": 0.08846958667928193,
  "clip_range": 0.35757294546111595
}