{
  "learning_rate": 1.6741599464359386e-05,
  "gamma": 0.95,
  "gae_lambda": 0.9094241270748561,
  "ent_coef": 0.09081453076945283,
  "clip_range": 0.32770012859015796
}