{
  "learning_rate": 0.0002106096294017646,
  "gamma": 0.995,
  "gae_lambda": 0.9440428288539128,
  "ent_coef": 0.06601657461313097,
  "clip_range": 0.3117546268351332
}