{
  "learning_rate": 5.4454090469449414e-05,
  "gamma": 0.995,
  "gae_lambda": 0.99,
  "ent_coef": 0.03389229342363207,
  "clip_range": 0.20330925818509887
}