{
  "learning_rate": 2.1043385493200033e-05,
  "gamma": 0.99,
  "gae_lambda": 0.963753144855514,
  "ent_coef": 0.0849436099480261,
  "clip_range": 0.34938939161618443
}