{
  "learning_rate": 1.7992418487231485e-05,
  "gamma": 0.97,
  "gae_lambda": 0.9149821906665528,
  "ent_coef": 0.08625656695516981,
  "clip_range": 0.20065296194839205
}