{
  "learning_rate": 1.959403179197256e-05,
  "gamma": 0.97,
  "gae_lambda": 0.9888448981162266,
  "ent_coef": 0.05582446242956695,
  "clip_range": 0.11425498144370956
}