{
  "learning_rate": 1.8716274760392415e-05,
  "gamma": 0.97,
  "gae_lambda": 0.9628076792186246,
  "ent_coef": 0.06956373813188882,
  "clip_range": 0.3945911130413522
}