{
  "learning_rate": 0.0001518733041914424,
  "gamma": 0.95,
  "gae_lambda": 0.9058425355005375,
  "ent_coef": 0.09136276898507585,
  "clip_range": 0.27598787576799544
}