{
  "learning_rate": 1.900778849425631e-05,
  "gamma": 0.99,
  "gae_lambda": 0.99,
  "ent_coef": 0.09155635906834056,
  "clip_range": 0.32392381977164136
}