{
  "learning_rate": 1.7677493686757064e-05,
  "gamma": 0.97,
  "gae_lambda": 0.99,
  "ent_coef": 0.05536524299777863,
  "clip_range": 0.14988853382688785
}