{
  "learning_rate": 2.2555759871566064e-05,
  "gamma": 0.97,
  "gae_lambda": 0.9689844722952131,
  "ent_coef": 0.015082100553089936,
  "clip_range": 0.2771469659704365
}