{
  "learning_rate": 1.8191436704933272e-05,
  "gamma": 0.97,
  "gae_lambda": 0.9,
  "ent_coef": 0.01225143936500133,
  "clip_range": 0.1340521320620387
}