{
  "learning_rate": 4.6471912748637274e-05,
  "gamma": 0.9733932735443762,
  "gae_lambda": 0.9280049225020316,
  "ent_coef": 0.04647704378609958,
  "clip_range": 0.16493916701801184,
  "net_arch": [
    64,
    32
  ]
}