{
  "learning_rate": 1.7143989792536637e-05,
  "gamma": 0.9847226271656307,
  "gae_lambda": 0.9452478205667867,
  "ent_coef": 0.029599390998139078,
  "clip_range": 0.29282685762427196,
  "net_arch": [
    64,
    32
  ]
}