{
  "learning_rate": 2.3883266541179663e-05,
  "gamma": 0.9586031956411462,
  "gae_lambda": 0.9391907927187216,
  "ent_coef": 0.036462137189861625,
  "clip_range": 0.2735578098228818,
  "net_arch": [
    64,
    32
  ]
}