{
  "learning_rate": 6.454566198401998e-05,
  "gamma": 0.9803161332597874,
  "gae_lambda": 0.9444822368852714,
  "ent_coef": 0.04612223122348091,
  "clip_range": 0.2487012963798954,
  "net_arch": [
    64,
    32
  ]
}