{
  "learning_rate": 6.89881161451399e-05,
  "gamma": 0.9724047416986047,
  "gae_lambda": 0.8671607297352107,
  "ent_coef": 0.04211882234688339,
  "clip_range": 0.16118819263366815,
  "net_arch": [
    64,
    32
  ]
}