{
  "learning_rate": 6.482668359832128e-05,
  "gamma": 0.9580995946967579,
  "gae_lambda": 0.8641516160760421,
  "ent_coef": 0.03543324690927714,
  "clip_range": 0.1600229019173897,
  "net_arch": [
    64,
    32
  ]
}