{
  "learning_rate": 3.110983631469111e-05,
  "gamma": 0.95,
  "gae_lambda": 0.9867264966992103,
  "ent_coef": 0.0575382912336158,
  "clip_range": 0.18936891654950738
}