{
  "learning_rate": 2.768902897414971e-05,
  "gamma": 0.95,
  "gae_lambda": 0.9101957176656277,
  "ent_coef": 0.08156093414824787,
  "clip_range": 0.24438479360015478
}