{
  "learning_rate": 0.00013521804082850095,
  "gamma": 0.99,
  "gae_lambda": 0.9587066609779247,
  "ent_coef": 0.08530441973449249,
  "clip_range": 0.3448263677991811
}