{
  "learning_rate": 0.00010223907144007579,
  "gamma": 0.97,
  "gae_lambda": 0.9572938258759478,
  "ent_coef": 0.08933023008745508,
  "clip_range": 0.23078571563426314
}