{
  "learning_rate": 8.308746283434547e-05,
  "gamma": 0.99,
  "gae_lambda": 0.9139567150456476,
  "ent_coef": 0.034369223450334295,
  "clip_range": 0.2049191228438781
}