{
  "learning_rate": 1.2817947357985272e-05,
  "gamma": 0.995,
  "gae_lambda": 0.9651326913493188,
  "ent_coef": 0.07192564326792612,
  "clip_range": 0.26727266516643733
}