{
  "learning_rate": 1.1080725466091352e-05,
  "gamma": 0.995,
  "gae_lambda": 0.9452991172900224,
  "ent_coef": 0.021489533785780647,
  "clip_range": 0.12818940754402733
}