{
  "learning_rate": 0.000915779677388481,
  "gamma": 0.995,
  "gae_lambda": 0.9077865216657871,
  "ent_coef": 0.07594724524024524,
  "clip_range": 0.15824169539536062
}