{
  "learning_rate": 2.4498460485414504e-05,
  "gamma": 0.95,
  "gae_lambda": 0.9383674949528599,
  "ent_coef": 0.07364439519040927,
  "clip_range": 0.17875521365987768
}