{
  "learning_rate": 0.0006774896893814245,
  "gamma": 0.97,
  "gae_lambda": 0.9115194907488113,
  "ent_coef": 0.07348139075269326,
  "clip_range": 0.16964513860980612
}