{
  "learning_rate": 0.0007256617656143071,
  "gamma": 0.95,
  "gae_lambda": 0.9051217406843386,
  "ent_coef": 0.04140051179997068,
  "clip_range": 0.16139870818952262
}