{
  "learning_rate": 0.00039113345476553046,
  "gamma": 0.95,
  "gae_lambda": 0.9889920665615223,
  "ent_coef": 0.07494386227900025,
  "clip_range": 0.2680836906401907
}