{
  "learning_rate": 0.00011747478194865216,
  "gamma": 0.995,
  "gae_lambda": 0.9863973252592373,
  "ent_coef": 0.037230004429707,
  "clip_range": 0.33663657406310543
}