{
  "learning_rate": 0.0007738294997429228,
  "gamma": 0.99,
  "gae_lambda": 0.9265061348980412,
  "ent_coef": 0.07088599441962488,
  "clip_range": 0.30779684759898157
}