{
  "learning_rate": 0.0003329192518080235,
  "gamma": 0.995,
  "gae_lambda": 0.9653152039515657,
  "ent_coef": 0.09610092571056358,
  "clip_range": 0.3961106326249545
}