{
  "learning_rate": 0.0001464416802814885,
  "gamma": 0.97,
  "gae_lambda": 0.9326624480746877,
  "ent_coef": 0.028116038407099177,
  "clip_range": 0.22699937243650958
}