{
  "learning_rate": 2.3206019274576087e-05,
  "gamma": 0.99,
  "gae_lambda": 0.9611391137464849,
  "ent_coef": 0.07550774663173125,
  "clip_range": 0.125821497459988
}