{
  "learning_rate": 3.0386232054907574e-05,
  "gamma": 0.97,
  "gae_lambda": 0.9612381586332981,
  "ent_coef": 0.08381836859480286,
  "clip_range": 0.2995245689640983
}